player,acpl_win,wins,acpl_loss,losses
Sigrud,26.1290801186944,19,36.4281345565749,10
orgsalsa,34.1323529411765,5,37.1596958174905,6
Obucheniye,20.0648967551622,8,37.6492146596859,5
FilP,30.3472222222222,13,37.7567567567568,5
crabbypat,16.2324929971989,10,38.2230483271376,7
malteof,25.3837209302326,7,38.479381443299,5
Aliquantus,30.278080697928,21,38.5801781737194,21
Alex_slow,25.888,18,38.8851351351351,6
OneKindKing,29.6072289156627,10,39.5681198910082,11
doganof,16.8323353293413,18,40.0525,9
Vacuum_Cleaner,26.9032549728752,30,40.1084337349398,9
wakeupspaceboy,30.079012345679,11,40.1444866920152,6
MrLegilimens,23.6940928270042,24,40.1668484187568,26
Quadriculado,24.3850267379679,6,40.2206896551724,5
iOnlyPractice,30.8040057224607,19,40.3154362416107,5
FInLIp,39.03300330033,5,40.3855421686747,8
dxdc,52.9298245614035,5,40.423197492163,7
CheapEndgameTricks,17.4748201438849,5,40.4285714285714,7
TeoKajLibroj,45.8474114441417,8,40.4608501118568,9
FirstnameLastname,34.481981981982,17,40.5070422535211,10
Patrick-66,30.5151785714286,30,41.2446043165468,33
Robert1462,25.1596638655462,9,41.3896551724138,6
GnarlyGoat,27.6734902763562,24,41.4310706787964,41
lemonworld,31.3015384615385,8,41.4389312977099,8
tommeketoch,31.7385057471264,8,41.4583333333333,5
Ajolote4,32.2121896162528,13,41.460396039604,7
bandessz,25.4793650793651,6,41.4695340501792,7
demonicringworm,19.68,17,41.4803625377644,11
s2004k1993,27.4514789828749,46,41.50623885918,43
jshholland,26.8676748582231,17,41.5169491525424,18
dahdah,28.6991150442478,13,41.7125,5
carc,26.0336322869955,12,41.9258474576271,13
SpeedCobra,24.4371546961326,32,41.9462365591398,7
victormanolo,36.0341085271318,17,41.9838709677419,8
MarionTinsley,39.3228346456693,6,42.0663900414938,6
Scrooge,23.1197080291971,17,42.0962025316456,9
Knoddel,18.8510928961749,19,42.1552511415525,21
jg2017,32.0234375,8,42.2967032967033,5
Fishmoro,30.3510466988728,14,42.4748427672956,6
covton,34.4652777777778,7,42.4986737400531,7
Anjablaserr,23.6627680311891,13,42.5820895522388,5
Toddle,27.0263157894737,7,42.7943925233645,5
lovlas,25.2071428571429,56,42.9323076923077,6
vgd123,32.29057187017,16,42.9619289340102,13
parrotz,24.5454545454546,16,42.9765258215963,7
david252525,33.2060301507538,30,43.0046388336647,32
morallygray,25.1049840933192,28,43.1732283464567,21
Shrekmated,26.7387096774194,8,43.2490706319703,7
Astronominoff,35.537037037037,5,43.3434065934066,7
epithetos,29.198717948718,5,43.4341085271318,5
CamLeslie,35.4294117647059,31,43.5313351498638,23
Golodion,30.1055456171735,17,43.607619047619,15
sahkal,27.950563204005,44,43.6506431956669,33
landmoose,29.6234817813765,12,43.6578313253012,12
EsolcNeveton,21.2458045409674,30,43.7066326530612,11
elixr,42.0549450549451,10,44.0467289719626,8
Tianmu,24.6976047904192,24,44.0843373493976,6
Tsetsen,29.1980198019802,5,44.0884955752212,7
Checkmatealot,23.8148148148148,10,44.0884955752212,7
klooth,24.0660146699267,15,44.1651651651652,8
harrison2,15.4925,11,44.170626349892,10
toddletales,24.0683760683761,11,44.2251655629139,6
Qudit,30.3168316831683,5,44.2608695652174,5
lewis9992001,34.4854368932039,8,44.4958217270195,8
narud,25.2233009708738,12,44.5822784810127,6
plasmacat,25.36568457539,15,44.7622739018088,12
Skims,30.3817097415507,13,44.7735042735043,14
Toppest,51.319018404908,5,44.850144092219,10
chill5555,28.857476635514,34,44.8614318706697,28
NarwhalePete,34.1947194719472,8,44.8811475409836,6
philgood84,26.1723163841808,7,44.9174560216509,17
god666,23.0721574344023,74,44.9449101796407,25
BloodyFox,34.1704035874439,6,45.0890973036342,19
bassoder,35.7404761904762,13,45.1232876712329,11
zoranabc,24.71581769437,11,45.1287128712871,8
Tepetepe,27.92,6,45.1322751322751,6
Wolf21,29.1482649842271,28,45.1684210526316,14
hsznet,32.0080321285141,8,45.1916666666667,15
TMaus,24.6893401015228,23,45.3087748344371,27
chess4life,24.2200208550574,24,45.3122171945701,5
dcwoods,20.7905759162304,5,45.3714285714286,6
yeyq,27.2287822878229,9,45.424317617866,17
AleMore11,37.4196428571429,6,45.5253623188406,7
icendoan,34.5236593059937,9,45.5655021834061,11
Kuhfighter,28.7004219409283,16,45.6363636363636,5
astralfenix,29.049943246311,49,45.6586345381526,25
CriticalThinker,43.488,8,45.8019323671498,11
FlokiTheCat,25.2145748987854,21,45.8055207026349,19
ed84,35.9203791469194,28,45.8265306122449,27
tomek188,22.1352380952381,16,45.8494318181818,11
kobol,21.8212157330155,22,45.8539419087137,30
LandyPJY,31.6057692307692,12,45.8755760368664,7
Itzal,32.2159827213823,21,45.96,21
pinbsg21,24.446764091858,27,45.9926470588235,11
Tommelskinke,32.4465648854962,18,46.0479233226837,11
theKnug,21.353470437018,22,46.051376146789,14
JamesMyose,45.8472906403941,5,46.0516129032258,9
iedopadzert,26.2455830388693,15,46.128,7
JakobKS,34.0705882352941,10,46.1624649859944,11
Kvltvr_Wvltvr,28.8825301204819,16,46.1959361393324,12
jessehf,30.3574561403509,73,46.262691377921,53
bufferunderrun,28.7033618984839,38,46.2954545454546,27
SheepNL,27.5923862581244,30,46.3852534562212,27
MoistvonLipwig,26.1856115107914,37,46.3993855606759,14
ErinYu,25.1750255885363,69,46.4802896218825,28
Servasky,28.3876404494382,9,46.5582089552239,12
badplayer_CM,25.2464589235128,102,46.6415462709879,70
archone,25.758064516129,20,46.6486486486487,23
AkohovavyManeno,32.5397923875433,7,46.6774193548387,6
lundiz,34.7758215962441,23,46.7553058676654,16
hetraie,23.9266727772686,30,46.914953271028,22
barry_stipplebanger,29.6456043956044,11,46.9392185238784,21
isaypotato,30.5965770171149,34,46.9429020429544,47
alms,23.2183372183372,32,47.0027700831025,8
robinhood76,28.9053803339518,15,47.0161616161616,27
cyanfish,21.8007246376812,37,47.0578512396694,23
Silkthewanderer,29.2156166814552,59,47.0961538461539,30
McNate,34.8792650918635,9,47.1337386018237,6
Rank555,35.8867924528302,7,47.1348837209302,5
mn8,25.5220170454546,40,47.2785515320334,16
Okoros,27.6361445783133,31,47.2834917891098,26
Ninjaste82,26.8918918918919,7,47.3398058252427,5
closure3,33.6974595842956,11,47.3443396226415,6
hicetnunc,25.3510638297872,18,47.3531047265987,28
tipau,20.1106060606061,21,47.3768844221106,5
Unihedron,17.8081871345029,26,47.3951612903226,5
TheKova,31.5342163355408,12,47.4162679425837,6
fhunfi,32.8744075829384,11,47.4558823529412,12
rezoons,33.0574620909816,31,47.5499040307102,27
GGrkinic,30.9803012746234,19,47.7012987012987,9
Anunzio,31.4793388429752,20,47.7428940568476,20
ATCFaust,33.4146757679181,15,47.7591836734694,5
neil1996,30.6184971098266,9,47.7721518987342,9
jk_182,37.087962962963,10,47.7786885245902,6
hkivrak,27.1017699115044,5,47.8164556962025,5
bramminator,30.0447154471545,11,47.8321273516643,21
jackbauerpwrhour,29.9532374100719,9,47.9115281501341,7
Fianchettoed,29.336648814078,34,47.9319672131148,34
RookTown,30.5,18,47.9641255605381,7
quirked,30.2558895207149,35,47.9719101123596,37
j1234j,28.2916666666667,7,47.984693877551,6
asmn,37.5345316934721,25,47.9860529986053,16
rb52,26.6174142480211,17,47.996855345912,7
ChristopherChabris,28.8984674329502,43,48.02124430956,15
Pawndercover,25.3597826086957,51,48.0254777070064,21
CTORH,31.1691176470588,6,48.0449438202247,9
Ginoux,31.3190324052944,49,48.0616216216216,25
jacade,24.5967741935484,10,48.0660377358491,5
sparkler7,36.4325396825397,8,48.0931034482759,18
Lelouch_Vi_Brittania,30.8049300060864,87,48.1570149253731,41
mcastellani18,20.2661016949153,15,48.1612903225807,8
sparc,28.3440170940171,16,48.1627408993576,14
Lichie,36.9151670951157,7,48.1760299625468,6
R-Mena,25.1345646437995,13,48.1840909090909,12
mrmoo,56.0899470899471,6,48.2205438066465,8
fatdog216,34.5791666666667,6,48.2388535031847,7
madatadam,22.8833333333333,5,48.2562929061785,11
Chewbacca_Defense,39.1333922261484,31,48.2749226006192,33
Goblin_Alchemist,29.8918406072106,15,48.3087100330761,20
RaisinBranCrunch,33.0443037974684,14,48.3310810810811,7
skyfaller1,24.7712585034014,29,48.3457142857143,10
greentiger,28.0091185410334,11,48.4408163265306,8
rwiedenhoeft,32.0295857988166,5,48.484962406015,6
BlackCat700,27.6817359855335,31,48.5685997171146,17
isuckatchess247,23.668358714044,15,48.5878070973612,23
Mooserohde,37.625,22,48.6253443526171,30
Alex_1987,19.1880222841226,20,48.6597222222222,10
wookash_888,26.4447340980188,53,48.7067082683307,15
Grizzzly1000,31.4423660262892,52,48.7405378486056,40
hitecherik,45.0462633451957,6,48.7951807228916,8
Waste-of-time,34.8349206349206,9,48.8333333333333,6
athul777,22.2261146496815,6,48.8429319371728,5
RandomJSDev,32.5951807228916,11,48.85594639866,13
FischyVishy,38.328173374613,9,48.8617511520737,7
krzem,24.1009316770186,39,48.9368556701031,22
metalpawn,23,11,48.9584026622296,16
Josue_Richard,39.9984447900467,19,48.973063973064,7
aprentice1,26.7664670658683,5,48.9799554565702,9
SuperVJ,24.6474820143885,24,48.9988674971688,23
Gary_Blackwood,25.7467811158798,7,49,8
RuizBR,21.9200968523002,12,49.0060975609756,6
Bmoney_o,39.0497335701599,14,49.0119521912351,10
rosagris,32.2175572519084,8,49.0489731437599,20
eXonAmoRe,39.9364161849711,5,49.0626865671642,7
Tanq10,35.8934911242604,5,49.0876712328767,8
osrswoodcutting,23.2102564102564,9,49.0964187327824,15
tephra,28.327990135635,19,49.1474576271186,16
Vishysoisse,36.4952153110048,12,49.2027027027027,12
wickawack,19.3197674418605,9,49.2334293948127,10
Little_Dead_Bertha,24.3810861423221,30,49.2575757575758,9
kenzaburo,33.6073059360731,6,49.2598039215686,5
GCEDW2001,32.0802603036876,11,49.2650602409639,8
paolone,30.9981139192757,65,49.2705128205128,62
Festivus,46.52,6,49.2894280762565,26
Ahedrista,25.9641148325359,10,49.3732057416268,6
Locolope23,47.9973958333333,8,49.389247311828,11
ncandido,34.5096774193548,5,49.3972602739726,9
SundanceKid1019,29.2404092071611,10,49.4164456233422,8
cactus,29.6014234875445,9,49.431643625192,19
SundanceXLC,37.7878017789072,17,49.4495848161329,21
Devrim03,38.875,5,49.4615384615385,9
IamZex,30.5577395577396,10,49.5408163265306,13
michaeld,35.7518518518519,9,49.6218274111675,9
giziti,27.8372093023256,5,49.7062314540059,8
WO_Schrodinger,39.2548672566372,14,49.757946210269,12
supermaths,30.8894691035683,27,49.7658303464755,18
Aerytheta,28.9881422924901,15,49.8337028824834,12
Lord_axe,26.8523862375139,23,49.8371710526316,17
cheesehead04,31.1271929824561,6,49.8545034642032,11
ChiefJab,49.1420612813371,10,49.8643815201192,14
Luft808,47.4801136363636,8,49.9166666666667,5
soldadofiel,20.9042904290429,8,50.0138888888889,7
mariuseg,32.6764302059497,52,50.0197268588771,47
SebastianJL,26.5582089552239,9,50.0413223140496,6
DiscoverChex,34.6032608695652,5,50.1034482758621,12
HoudinicisMedicis,33.8042071197411,17,50.134765625,23
KFerapont,40.3511777301927,25,50.150462962963,26
LikesTal,35.9607843137255,7,50.1923990498812,12
Seth_Lichtenstein,36.7993197278912,7,50.2246913580247,10
iongler,31.1818181818182,20,50.2439678284182,9
NightJumpsKing,33.4845679012346,9,50.2857142857143,13
camcam52,55.7911392405063,5,50.326582278481,9
Lupy,31.4892086330935,5,50.3493150684932,9
jpokerflat,28.7097242380261,19,50.3586956521739,10
somethingpretentious,31.339824120603,40,50.3667711598746,63
Leonova,25.0921658986175,6,50.3832752613241,8
MadLoKi,23.4578313253012,19,50.3934426229508,13
Narf64,34.7628149435274,27,50.3966699314398,23
Assassin_in_White,25.0960490463215,40,50.4509202453988,7
JohnsonBronson,27.7716049382716,13,50.479809976247,12
notzmv,35.1693227091634,14,50.5059101654846,12
chatakkuma,40.5459940652819,10,50.5133928571429,13
gyrating_kairos,42.4495677233429,12,50.5363247863248,11
pokerram,32.654958677686,13,50.5398550724638,11
qrs,36.5611510791367,28,50.5769922109047,35
frymealiver,30.168458781362,6,50.617067833698,9
gkroch,33.3418530351438,19,50.6212871287129,11
RazorSharpOnly,40.4181360201511,11,50.6320346320346,6
majsza,33.1702898550725,8,50.6613953488372,25
Toperoco,24.5871156661786,16,50.7191977077364,21
pic1991,37.4337016574586,20,50.7224118316269,20
CamelClutcher,23.595166163142,35,50.7370689655172,12
Kjar,25.7741147741148,21,50.7410551849606,38
tonychess75,28.6282051282051,15,50.7467411545624,13
Alegre_River,34.1289821289821,35,50.7503639010189,34
shin04100,32.3398692810458,7,50.7622222222222,17
chgreg,32.6064668769716,29,50.7654830718415,26
riemannn,24.7429667519182,23,50.7660485021398,20
gucelli,32.8639308855292,13,50.7791225416036,15
josbri,16.6803278688525,7,50.8377581120944,8
S3pp,31.1456611570248,25,50.8473684210526,5
HoxHound,26.3884156729131,14,50.8480243161094,7
jughandle10,36.7743190661479,7,50.895,9
Lautrec404,53.7119565217391,5,50.906432748538,5
Marcos_Paulo,37.6216560509554,20,50.9116564417178,17
okei,38.388679245283,20,50.9186295503212,20
Antaniserse,27.9320066334992,16,50.9327731092437,11
Journey_to_NM,26.1346830985916,31,50.9380888290713,16
Bjorgvin1,24.1519434628975,15,50.9410774410774,16
shmageggy,42.19921875,9,50.9423076923077,6
lumenian,33.9237726098191,19,50.9548611111111,20
ianjf,29.7214700193424,15,50.9556213017752,16
Aidoz,18.9201183431953,10,50.9795081967213,5
kjfoster17,28.8043626448534,37,51.0064841498559,37
Ecclesiastic,39.1240875912409,20,51.0808926080893,16
BraydonP,27.1451068616423,27,51.1158301158301,11
ReyFeroz,34.7515337423313,10,51.1195079086116,11
BranzaDubla,35.8975308641975,22,51.1398058252427,14
Champignon,34.4136460554371,10,51.1410256410257,5
CitronSauvage,24.753064798599,16,51.1559322033898,16
Slamchops,28.193661971831,7,51.1694915254237,7
truesacrifice,36.7669172932331,7,51.1733128834356,15
hawkins89,23.9862745098039,15,51.1740506329114,8
Bole1981,37.2672727272727,15,51.2038626609442,10
Doevert,33.9483037156704,18,51.2142857142857,17
IsaVulpes,28.7029890276201,76,51.2162001191185,38
PrestaJay,45.4593175853018,9,51.2294685990338,11
Queen_Blunder,24.0270951480781,42,51.3161290322581,33
nouvato,34.3757142857143,21,51.3242857142857,28
Benedictine,23.36328125,6,51.3254437869823,9
ChukoDiman,31.7381526104418,32,51.3285472972973,35
Sonata2,24.0306776556777,62,51.3291814946619,48
mronemore,28.6595135908441,34,51.3325242718447,40
pendru,32.6568013659647,50,51.4034416826004,26
Svendra,33.4573170731707,19,51.4057679409792,35
PasiP,30.0217391304348,8,51.4129353233831,7
ShallowJR,25.1445578231293,16,51.4375,10
toj,38.9227129337539,17,51.4795597484277,17
maarten404,38.9398058252427,15,51.5752773375594,18
jaybir,32.0632558139535,30,51.6395173453997,19
Droodjerky,29.9374090247453,23,51.7067997504679,40
ChessPatzerFrance,25.3401920438958,20,51.7122395833333,21
TimothyHa,34.9539973202323,52,51.7130612244898,54
PublicRadio,32.2806201550388,18,51.7576271186441,15
Spaceball,37.9239130434783,9,51.7685009487666,11
NiSn,27.875,7,51.7797619047619,6
iHateRBF,16.4,10,51.7971014492754,5
chesspibito,45.6983122362869,13,51.8125,5
chennis,29.378904249872,51,51.8559794256322,56
BigEvo8,30.4974433893353,34,51.9406494960806,20
kevban,26.3123076923077,19,51.9459459459459,19
starbaker,32.0184331797235,15,51.9640718562874,12
Der_Bo,29.6144329896907,37,52.0312093628089,18
Lupo_Jones,57.7120980091884,28,52.072,43
Nviper06,37.917211328976,13,52.0865102639296,16
RaitonvsFuuton,28.5948905109489,34,52.1757508342603,28
dakillian,28.0855106888361,13,52.1909448818898,10
Dajrokan,48.5225563909775,13,52.1931818181818,7
makeareason,27.1048387096774,28,52.2244165170557,12
book_fan,34.7077625570776,5,52.2565445026178,5
jameslatham,32.8475991649269,24,52.2661157024793,16
jfarah,35.8044103547459,24,52.2676886792453,21
Mahmut69,32.3237237237237,44,52.3133802816902,27
mikibene,26,6,52.375,6
Ryune,33.6134020618557,5,52.3761194029851,9
hill_j,58.003861003861,7,52.3980582524272,9
trexchess,31.3969631236443,26,52.4051282051282,14
hillrp,33.5126811594203,16,52.4123711340206,20
savvyd,33.2994285714286,23,52.4132653061225,10
cacheyourdreams,25.9985714285714,22,52.4158838599488,28
arthi15,31.395881006865,31,52.4176,15
waynebeam,39.1626506024096,10,52.428981348637,14
CarlosMagnussen,29.675483214649,52,52.4456800684346,30
Grzybozbur,29.8226744186047,23,52.452784503632,20
lion88,42.1236994219653,21,52.4930491195552,25
Silver124,27.468045112782,11,52.5025641025641,20
nahdrav,54.0491071428572,6,52.504854368932,7
hairbeRt,32.4159663865546,8,52.5645161290323,5
theino,25.7453333333333,21,52.5807486631016,22
roso97,29.6193990511334,49,52.6246660730187,67
drchessdad,34.7158774373259,30,52.6333333333333,25
mhavgar,25.7640449438202,7,52.6470588235294,8
AFWF_Erick,59.1869918699187,5,52.6890756302521,5
WildGooseChess,32.5906862745098,29,52.7517198248906,36
eie24,28.9650997150997,41,52.7818708609272,69
RazorBoy,26.1076923076923,9,52.7953488372093,6
ztraynor,42.116169544741,14,52.820987654321,6
flaxl,32.6331719128329,22,52.8476454293629,30
gigantaure,45.5635673624289,29,52.8602316602317,28
Aleksandr88_62,30.3311617806732,23,52.864367816092,11
JohnJPershing,37.2665745856354,18,52.9272840273462,35
froehlich,48.5461847389558,9,52.9276315789474,5
MrKamikazeBoy,32.6556359875905,22,52.9640718562874,20
Pushedpawn,22.3557692307692,7,52.9855769230769,16
SyncKey,54.8288288288288,6,52.9884393063584,6
Finneri,29.4457478005865,22,53.0440313111546,26
buddhastalin,35.5841392649903,12,53.0829015544042,6
IzoRyu,40.2107843137255,5,53.1232227488152,8
chesseric44,32.9705882352941,18,53.1801292407108,27
Akshayk06,36.2280701754386,5,53.1860465116279,7
foxxxy_coxxxy,24.6273291925466,9,53.235807860262,10
freefal,27.1062091503268,15,53.2508038585209,17
jg777,33.246953696182,32,53.2558941920644,51
ahmt92,31.5028142589118,13,53.2710706150342,12
LazyPeon,30.9978213507625,15,53.340782122905,10
pioki,32.0999435347261,46,53.348401323043,56
Artian12,31.9340425531915,48,53.3521647307286,41
gspen,32.1464285714286,7,53.4135802469136,7
ventricule,33.5710382513661,10,53.4195933456562,15
Foxtroxx,43.28,7,53.4240837696335,6
lpd2,41.3333333333333,10,53.4637002341921,11
amirkhaled21,30.1590909090909,9,53.5055679287305,21
Napoleon_Solo,39.418998527246,35,53.5350404312668,21
Cubra,39.0842490842491,7,53.5491071428572,8
robche,32.7439198855508,17,53.572625698324,8
the_breadler,30.2369668246446,6,53.6065573770492,10
Redsniper461,35.2597402597403,6,53.6539682539683,7
jswanberg,40.5102040816327,17,53.6859813084112,11
Othello1896,42.5584415584416,7,53.7228915662651,5
Prof_Moriarty,24.4109589041096,11,53.7790697674419,6
PetMarmoset,32.3898635477583,13,53.8186968838527,12
f1nn33,27.7610768367919,56,53.8301807482135,66
scurly,26.4654377880184,19,53.8699029126214,13
dctrip13,29.471063257066,23,53.8710503842869,31
OnlyClassicalGames,35.1062124248497,11,53.8945945945946,10
sigvei,34.071261682243,46,53.8974910394265,41
corey561,34.6913580246914,5,53.9375,11
p_implies_q,26.8450479233227,18,53.9378238341969,14
jimmyd7777,23.3169014084507,9,53.9391143911439,16
Hoikka,47.2565789473684,18,53.9418742586002,21
aln276,43.9864077669903,10,54,13
madi1693,20.8894878706199,13,54.0374639769453,10
Beelzebrox,35.5030241935484,22,54.0494071146245,13
crouchbag,34.6024096385542,26,54.0663129973475,12
kponds,39.1103542234332,18,54.0783475783476,18
KnightFury21,38.8228346456693,6,54.0864661654135,7
flipiflapi,48.7842565597668,27,54.0962627406569,37
chessfish2,29.84375,21,54.1121495327103,5
lenguyenthanh,36.4915590863952,23,54.1297709923664,14
osskjc,45.8496042216359,11,54.1382636655949,17
gaben1773,46.0923076923077,22,54.1418338108883,20
Sesquipedalism,36.1415060021826,65,54.1445485939813,47
Razorneck,32.8273142382731,60,54.1808873720137,38
TCGRIF,29.8933577087142,41,54.244234180958,53
val1313,36.0699346405229,41,54.2551574375679,48
SycoraxCirce,31.8960597826087,35,54.2592592592593,33
TheRatRiverTrapper,32.6590909090909,38,54.3133903133903,41
muccino,31.8957055214724,9,54.3561368209256,13
el_castle,35.8414634146342,6,54.3630952380952,6
wingman3030,40.4676470588235,7,54.3875,5
rampichino,33.6076433121019,72,54.4145851277634,90
saravsel,47.4967741935484,14,54.4324546952224,20
cmrobbe,50.7400722021661,8,54.4672,15
KonturSvet10,35.8120805369128,11,54.467680608365,6
x_0,32.6509433962264,8,54.4756944444444,18
HakonJ,29.9675324675325,8,54.4817073170732,5
AdrianChessNow,43.5180467091295,13,54.5,12
Snodder,32.6290909090909,16,54.5175,12
Merkava777,35.5353107344633,20,54.5609334485739,34
scvrf,38.5863309352518,7,54.6125461254613,6
arian13862007,33.6875,8,54.6159420289855,7
wpruitt14,35.3965884861407,14,54.6327608982827,16
ubernoobek,19.4809160305344,9,54.6375321336761,10
greener255,47.9656862745098,11,54.6432491767289,21
DonPauleone,31.4826498422713,14,54.672268907563,8
lucapette,34.9253731343284,5,54.6851851851852,7
OuterHeaven92,30.2999299229152,38,54.6871275327771,38
NoNameK,28.0557620817844,14,54.71858216971,17
krischan,27.6317991631799,6,54.736170212766,7
glbert,36.4303842086711,83,54.7594774590164,92
ATrueRavenclaw,41.3282352941177,20,54.7635239567233,16
Timvier,37.9306569343066,7,54.8005865102639,10
Malamutt,20.1423611111111,7,54.8084112149533,7
yago666,30.2597889002383,85,54.8114114114114,88
HandKnit,27.3660714285714,9,54.8227848101266,5
halifax2345678,39.974958263773,16,54.8228438228438,9
rhohit,31.7443181818182,17,54.8768115942029,11
Ritterburg,32.8199643493761,14,54.8790760869565,15
Self_aware_Lettuce,42.7929411764706,23,54.8813982521848,19
Mindworm64,30.5929978118162,9,54.8819277108434,10
Gambitzer,37.2334293948127,8,54.8926553672316,6
Maurice95,23.4968152866242,7,54.9071729957806,12
texaspete09,36.6382575757576,13,54.9494252873563,11
Rickiboulous1,40.5574272588055,16,54.9684466019418,11
dorhinj1,30.4421553090333,16,54.9985611510791,19
king_me_wing,20.8818565400844,7,55.0080428954424,9
Luci_Bunny,36.1033519553073,11,55.0393700787402,8
jonjons,35.6593673965937,9,55.0847880299252,9
primeideal,33.8436873747495,12,55.0900900900901,10
Lukhas,38.8783679753657,36,55.1350239890336,40
Heinie,36.9647239263804,30,55.1388888888889,15
Rehbein,41.0697247706422,41,55.1744284504657,28
Juke_3,33.7282229965157,15,55.1795454545455,11
thebishopschaplain,42.1023622047244,8,55.1960227272727,9
billymoon,40.1359223300971,10,55.2007504690432,15
JustinTanas,42.3071216617211,16,55.2331288343558,12
smerlijn,32.0252225519288,18,55.3089343379979,24
mswest46,31.3852721451441,25,55.3222748815166,12
tushar20008,29.4767932489452,7,55.3294797687861,5
endrawes0,37.4936204146731,36,55.3405698778833,36
Swgfskdf,36.5612244897959,20,55.3660714285714,15
fradtheimpaler,34.1391076115486,41,55.372972972973,22
CoachJohn,33.3063414634146,24,55.3741339491917,12
atil4,40.4884422110553,26,55.3995459704881,22
jantho,33.3293768545994,9,55.4,8
kingscrusher-fan,45.8940397350993,7,55.4182194616977,12
fisher56,33.5136363636364,25,55.4381818181818,30
michaeltallovsky,28.5885885885886,9,55.4418604651163,8
Lynnpv,36.3569620253165,21,55.4564021995287,39
PsychoVGC,32.1439393939394,5,55.4704684317719,13
ChessHavoc,33.7668639053254,45,55.4706467661692,53
jamestgr,29.0501672240803,6,55.4717832957111,12
PaulKagame,39.841726618705,12,55.4733727810651,5
explodingllama,33.198347107438,6,55.5,16
tadch,28.2635135135135,31,55.5167037861915,22
HNorbi96,27.2763713080169,13,55.5464098073555,15
Qplayer,36.05625,9,55.5558659217877,9
Aphla,33.672480620155,13,55.5778443113773,9
thatoneguy1475,45.4866920152091,35,55.5936,43
Marsh_Knight,33.6809116809117,19,55.6101694915254,5
xK4LIBUR,43.1056910569106,5,55.6186186186186,8
maharlika007,27.868544600939,8,55.625,9
pgabrail,38.2286432160804,25,55.6292559899117,23
garfield1980,35.4851725814293,61,55.6567010309278,54
invinci7777,38.5444444444445,8,55.6666666666667,9
Isachess,33.7211155378486,42,55.6714285714286,31
cristoper,46.5185185185185,8,55.6952789699571,12
gambytes,37.3701149425287,12,55.7289972899729,10
OldTom,27.5032894736842,11,55.7420382165605,9
Macalda,44.5394736842105,18,55.780244173141,26
LosFeralo,39.1485714285714,6,55.8191268191268,13
InfernalJumble,32.1027857829011,26,55.8237924865832,30
kanakaishou,32.1680497925311,13,55.825,8
sexbucket,31.5273311897106,16,55.8386243386244,10
JumpJazz,46.457800511509,11,55.8690601900739,20
ma1ah,32.4474053295933,34,55.8795546558704,27
EinarGregersen,34.1111111111111,6,55.8810198300283,10
assblastingArconson,30.0410742496051,16,55.8918205804749,21
FairyTaleTime,30.4468864468864,8,55.8992248062016,5
Toonerer,35.0537634408602,25,55.9387755102041,20
PracticalNiceGuy,33.4625407166124,17,55.9510791366906,20
librocubiculartist,39.9094339622642,7,55.9527186761229,10
kimaga,30.7796901893287,32,55.9700239808154,23
gokuba,40.4359351988218,65,56.0099764193724,133
nacional100,28.1052631578947,6,56.0339366515837,14
vitriolic,31.2746113989637,9,56.0401146131805,9
AlwxR,33.6884531590414,11,56.0757575757576,13
krispl,28.0195958358849,44,56.0793559516964,43
actuville,39.7065750736016,24,56.0799086757991,10
DrTodd,40.1775956284153,9,56.1107382550336,8
cosxdx,37.0121739130435,14,56.137022397892,20
AlexMorgenthau,23.4558139534884,8,56.1505376344086,6
SirNateALot,41.1555891238671,14,56.1938202247191,17
lCaptainBob,33.1024590163934,9,56.1994382022472,8
bichopebitou,34.2526315789474,6,56.1997146932953,15
azuaga,20.0551470588235,6,56.2275132275132,5
GogoYubari,34.0401234567901,26,56.2640791476408,29
dearprudence,28.5211786372007,16,56.2911392405063,14
elliotp,41.508658008658,11,56.3113367174281,17
horarum1,36.8421052631579,10,56.3232323232323,18
maxivgc,28.1755607115236,34,56.3489861259338,26
ShAlexander,32.1029411764706,12,56.351724137931,6
gborges0727,31.8329764453961,24,56.3629441624366,12
urjah,30.2941653160454,32,56.3805162364696,32
mmatros,37.435691318328,19,56.4079118028534,34
Haussian,42.4015748031496,5,56.41015625,6
SupraScud,46.6515478761699,38,56.4348130024467,54
fismoluni,40.4644670050762,23,56.4571865443425,17
Djcrisce,32.0647249190939,10,56.4590952839269,27
jwwells42,36.1648230088496,53,56.5605,54
ihollars,49.8904109589041,5,56.5717948717949,9
Pedropablo72,39.1474780701754,95,56.5839176161262,109
JeremyIsFishing,45.7943262411348,5,56.6027397260274,11
PawnInertia,38.5514285714286,9,56.6221198156682,6
VikingoPlus,47.0743801652893,13,56.6299765807963,14
mkac,30.4823196605375,20,56.6559523809524,27
zach_mcginty,33.8865671641791,8,56.6994382022472,8
kostasvl,39.5763239875389,52,56.7069632495165,54
steiger07,25.8305084745763,5,56.7120253164557,11
Romelofeu,40.2191780821918,5,56.7122736418511,16
GandalfThePeriwinkle,44.4135338345865,6,56.7777777777778,6
jckund,40.6645569620253,15,56.8039538714992,13
shakaali,41.2509702457956,17,56.8084896347483,25
phantom567459,35.1232511658894,42,56.811080835604,52
Antennaman,27.0103092783505,6,56.8327645051195,7
calkaiserwilks,27.8456260720412,17,56.8565022421525,22
M0r1,39.5836120401338,29,56.859375,25
bluper,43.1055753262159,23,56.8832335329341,21
gavalanche20,28.3246753246753,35,56.9633507853403,18
mysonnevercallme,30.6254071661238,26,56.969696969697,30
coolestblue,32.2981927710843,9,56.9777777777778,8
arbisto,27.4476767676768,65,57.0060941828255,53
jivey,30.8443854995579,37,57.0077319587629,32
aplause,36.0733240223464,43,57.0195652173913,62
tmoila,26.3581395348837,8,57.0623608017817,13
mannausvs,42.9967105263158,10,57.1533442088091,14
Intelligainz,44.4191176470588,8,57.1769436997319,8
robert-paulson,32.6870078740158,13,57.1812865497076,13
masedog91,31.7104761904762,14,57.2074363992172,13
checkmonk,32.5822784810127,15,57.2451923076923,27
SaucySailorJackTar,38.2760180995475,7,57.2459970887919,16
Eman3226,56.0201005025126,6,57.2700729927007,5
Seb32,30.8878702397743,79,57.2793220338983,80
Johnhammer1456,30.2566037735849,6,57.3,8
Toffeeman,32.7818867924528,37,57.3026599568656,36
Forgae,32.6351931330472,5,57.3142857142857,5
stinsonite,38.9657228017884,20,57.3151219512195,32
Footpath,31.0771704180064,10,57.3165182987142,19
Baybars,28.93359375,6,57.3364055299539,8
Wo_Cheng_Si_Le,32.7766129032258,33,57.3472222222222,35
arex,32.7395957193817,24,57.3479923518165,16
lettucecheckmate,49.2809523809524,5,57.3566037735849,12
BobAnderson52,31.9307692307692,7,57.3586744639376,12
jbrooks95,42.0350318471338,9,57.3717277486911,13
NOTFOXAnonymous,41.2983606557377,8,57.3791208791209,9
AngBorxley,41.2233333333333,16,57.3888591322978,48
Rctfan,39.9345794392523,7,57.3914473684211,9
nork,28.7477876106195,6,57.4084507042254,12
Rescinded,35.0939759036145,12,57.4405034324943,23
fritsj,46.7661097852029,9,57.4486692015209,6
SaitamaChecks,61.275641025641,5,57.4723618090452,7
Anarschi,37.46110056926,14,57.4739130434783,19
mmorrisohio,31.2158273381295,7,57.4777594728171,16
JJPlayz,62.3514285714286,8,57.4823529411765,8
connerator,33.2994692949204,35,57.4878345498783,18
nonEsiste,33.933734939759,5,57.5212765957447,8
Kerfufflecopter,30.8359550561798,14,57.5350553505535,14
PsiMaster,39.8937931034483,33,57.5398871877518,29
brunolift,48.6933333333333,8,57.5632530120482,9
HowHorseyMoves,35.2014846235419,26,57.5716234652115,18
Traxxin,45.1316085489314,22,57.5792792792793,31
luckyAra,48.2209737827715,8,57.5881383855025,19
kamizik,33.497461928934,13,57.6017316017316,7
copious-blunders,33.4295532646048,8,57.6137184115524,6
izzie26,37.5277522232444,86,57.629358335775,84
Aeilnrst,28.1920792079208,14,57.6611111111111,10
shmeeshlov,41.2567811934901,15,57.6642754662841,17
SlackWyrm,33.4601951720596,49,57.6863237139272,19
qx11,56.4848484848485,7,57.7138461538462,7
Min37,38.9567567567568,5,57.7355371900827,14
TomasThrainsson,30.6163793103448,5,57.7416974169742,5
bward10,33.4468085106383,7,57.7457627118644,7
StoppedClock,41.318407960199,12,57.7836879432624,9
Rabioso,36.8846641318124,23,57.8589981447124,29
DarioH,46.8813559322034,9,57.8610038610039,6
Dmathman,26.721052631579,15,57.8738170347003,11
chessbear88,60.5183246073299,6,57.8823529411765,7
aidantmehigan,46,7,57.8864795918367,22
mathijshuis,31.0638032990974,87,57.9486404833837,65
superbohemio,30.6971830985916,11,57.9751773049645,8
AlexGaul,35.3013910355487,17,57.9869565217391,11
poopheaderic,37.7205323193916,13,58.03511053316,16
gmat20020,46.6959641255605,27,58.0354391371341,32
jrvdwjr,49.6897506925208,19,58.0422670509126,24
Lou-E,34.2836624775584,16,58.0456171735242,30
bobwooster,29.6974063400576,9,58.0576271186441,7
PGSankar,19.4452554744526,8,58.0758620689655,6
goirish,32.0692041522491,8,58.1247058823529,10
irongalaxy,28.3451776649746,5,58.1317073170732,6
Star-Bearer,44.994983277592,18,58.1532710280374,20
BigPajaro,33.3111111111111,6,58.1565495207668,8
floum,38.4488517745303,14,58.1881188118812,14
Sbstyn,44.9444444444444,15,58.237012987013,8
ikalel,30.7549019607843,5,58.2415902140673,10
Dimitriskranias,30.0495495495496,5,58.2600896860987,5
thephobia,33.0846153846154,9,58.2605633802817,7
prentice_sloth,36.3173777315297,28,58.2685546875,25
ChessRook07,38.8087954110899,12,58.2722419928826,15
mAit97,25.188790560472,11,58.2874109263658,12
cyndaquil1,32.4778761061947,22,58.2910447761194,9
ChessPatzerSwan,34.0725995316159,24,58.2959183673469,25
KN960,22.2257142857143,17,58.3047285464098,16
iamtheknight2,40.6768292682927,10,58.3116197183099,12
WilliamShookspear,37.0541237113402,12,58.3279857397505,15
Pifisch,31.5818965517241,5,58.34375,8
franticfox,42.3694267515924,5,58.3719806763285,5
pepepibote,34.4008515815085,89,58.383207321926,73
GreenPterodactylus,40.1455938697318,14,58.3864734299517,12
nonowho,35.4462809917355,13,58.3899676375405,20
NLance,34.1988716502116,34,58.4403153153153,28
Macastani,34.2910052910053,18,58.4460176991151,13
rahrahbahb,28.1457286432161,6,58.451476793249,6
UpGoerFive,47.1034646416706,62,58.4967975494291,79
adande1,40.4797476759628,89,58.5032288926094,89
austin745,35.0115473441109,10,58.5389610389611,12
Sifar69,31.9240837696335,10,58.5410628019324,5
penguinsr6,41.7860465116279,16,58.5454545454546,12
myle,36.2608187134503,25,58.5569476082005,23
kleyveu,34.4932584269663,22,58.5789473684211,22
GuyIncognito_de,39.4109090909091,7,58.5824175824176,6
anopows,46.7843137254902,7,58.5847750865052,6
ethanpowell,27.9129032258065,17,58.5876623376623,15
esKaayY,22.1900826446281,13,58.6095505617978,10
Chaskar,26.4319727891157,14,58.6293706293706,5
patalanoc,27.5326842837274,16,58.6455223880597,30
SamHagen,37.3082191780822,15,58.6471600688468,14
mmb4854,38.0209973753281,10,58.6502057613169,7
KS_Legion_Legionowo,37.8981132075472,20,58.6535836177475,17
patk74,42.4075829383886,25,58.65899864682,36
julianlalor,55.3711340206186,7,58.6698564593301,6
gamesou,39.9366197183099,7,58.6701388888889,9
Lalaze,38.2933104631218,72,58.6702954898911,54
swohl19,26.3538663171691,24,58.679012345679,16
fisensee,42.5301391035549,32,58.7077777777778,21
Schackmacke,31.1648471615721,24,58.7531003382187,23
Litzr,37.6048850574713,22,58.8082191780822,8
Weiter,47.3240223463687,7,58.8213333333333,11
tworivers,32.5226977950713,20,58.8952569169961,14
matrix47,30.8973774230331,25,58.921568627451,14
tnan123,26.5589225589226,37,58.9439443535188,74
Qualm,19.3581395348837,11,58.9457364341085,12
omertil,31.7073170731707,14,59.0032733224223,15
NoTTwitchy,26.6895640686922,20,59.0044444444445,8
Lethgo,37.8058252427185,28,59.0272727272727,21
SedNomini,38.7986885245902,39,59.0300940438872,35
sunitdemenace,53.9423631123919,10,59.031007751938,13
superswaggin,40.5411140583554,8,59.0507614213198,11
BenMTL,40.1952247191011,23,59.0549102428722,27
passedpawn22,31.1509433962264,6,59.0771513353116,10
k-night-moves,30.5033647375505,60,59.1076233183857,53
Asinya,27.4078212290503,6,59.1135802469136,10
pdesaiii,41.4630541871921,17,59.1202749140894,17
Cephandrius,38.9380952380952,5,59.1328903654485,7
jcarmody,47.7336010709505,48,59.1343220338983,56
stef784,27.8209459459459,7,59.1994609164421,13
MysticalRake,48.0320987654321,12,59.2024291497976,9
mahithas,47.1457055214724,15,59.2372708757638,22
lakinwecker,36.4171035386632,86,59.2541825653067,104
DrOdnat,43.4066767830045,16,59.2644628099174,19
mixxanber,37.8682926829268,52,59.2901849217639,41
Numberman768,38.1362748926201,63,59.2907551164432,31
pburns1587,42.6640316205534,9,59.3070866141732,14
rodeo,37.2616604477612,60,59.3145016192875,80
SpiteKnight,34.8092259577795,41,59.3184007707129,55
SunGoddess,33.7446808510638,14,59.3217054263566,6
Midnightokar,35.6884057971015,24,59.3611111111111,27
ECelal,41.2264591439689,32,59.3679493937797,44
Fr4nco61,31.782953419227,29,59.3734439834025,36
Brundd,34.3517650734146,85,59.3865927419355,46
dose7781,46.8953396524487,68,59.3880787925301,101
CubesAndPi,34.6984126984127,9,59.4,16
Meaot,51.8791469194313,12,59.454094292804,12
euler24,27.9769736842105,13,59.4601063829787,9
diegohdragon,44.3387533875339,12,59.4989361702128,25
lyqst,47.9242053789731,12,59.5561797752809,14
Safaero,32.6504854368932,8,59.6017699115044,20
GroneN,27.2503987240829,15,59.6226734348562,17
FelixMonterrey,29.5959183673469,30,59.6290322580645,11
RossTheNinja,50.4029484029484,10,59.632382892057,21
fwcj68,41.8656462585034,37,59.6488946684005,62
slamjam,48.9331896551724,25,59.6496815286624,15
ashc13,43.8052930056711,13,59.6550802139038,9
giulio451,24.622691292876,11,59.6627218934911,7
y3LL3r,37.971048513302,36,59.6644394951745,32
xipqag,37.1566951566952,9,59.6647509578544,13
BrandrokID,29.9695740365112,16,59.6868512110727,18
iKew,30.6139410187668,11,59.6926605504587,6
Axp156,33.7662285941856,70,59.7017797017797,56
Scarff,40.4420485175202,91,59.7040516735173,94
yoitsyeboicat,37.6813353566009,19,59.7238895558223,22
asian42,35.0977443609023,13,59.7827814569537,16
thepaul1,26.4623786407767,21,59.8160377358491,9
espnjosh,52.7721179624665,10,59.8372781065089,6
nadjarostowa,35.043795620438,15,59.8543046357616,13
PRyr,20.9364161849711,15,59.8617511520737,6
Immortality,34.6460502143295,47,59.8705263157895,50
babatunde1,44.1153846153846,5,59.8827586206897,5
AleksandrSudak,45.215,7,59.8949275362319,8
ghostologist,32.2674897119342,15,59.9127182044888,11
VicCoren,24.6135458167331,7,59.969465648855,12
JSlavik,39.1721991701245,14,59.984068627451,23
SuperIntegration,23.9911660777385,17,60,10
KnightOfReyn,43.2007366482505,16,60.0476190476191,12
TaielChess,45.5203426124197,14,60.0483558994197,16
UnLuckyNiko,48.76726342711,10,60.0764192139738,12
jdpeters,36.6158038147139,9,60.1177536231884,14
nerja25390,31.9588938714499,33,60.1209593326382,22
brokenstones,38.0497076023392,8,60.1344743276284,11
plastic_pusher,34.4372918978912,24,60.134693877551,7
Staincastle,35.8230769230769,15,60.1546723952739,26
Eidol,30.2634032634033,25,60.1619318181818,11
mirkojotic,37.8035982008996,17,60.1619479048698,22
Kingchase,25.5570652173913,12,60.171939477304,19
swagquark,28.9731800766284,15,60.1937799043062,10
gjant,43.058583106267,18,60.2347107438017,17
apfeiffer,47.5047846889952,14,60.3108504398827,10
Meeklydim,36.2252316464719,39,60.3263675476337,37
AsdrubalBarca,35.3091517857143,26,60.3491686460808,19
cvillian,43.5038084874864,26,60.3644338118022,35
sxpg,38.8846153846154,7,60.375,6
Xie-Djuna,45.8338192419825,8,60.3766233766234,11
CaptNCarter,31.5485294117647,20,60.3953279424978,31
MisterCoffee,53.2380952380952,9,60.4077669902913,10
aljopeljhan,43.4802631578947,8,60.4453781512605,7
dave3,36.2905317769131,20,60.4456886898096,21
Rolihlahla,36.926455026455,55,60.4720758693362,56
agrav123,32.2922636103152,12,60.4751773049645,15
ChewbakaTheRookie,35.6773504273504,12,60.479020979021,15
HumanSponge,36.7006369426752,14,60.486574450773,26
ShaunFerry,34.9924812030075,5,60.5094339622642,7
Hackov,35.2973977695167,8,60.5140186915888,5
player115,32.1002570694087,14,60.5168539325843,20
iebrian,23.2193396226415,9,60.5252525252525,18
kajoM,34.2963671128107,16,60.5509677419355,21
Stivis,29.2987804878049,6,60.6037735849057,5
collinb9,37.2161172161172,7,60.6125654450262,14
seius,36.1166134185304,32,60.6331849968214,53
Paulze2000,38.6573787409701,25,60.6823308270677,29
Calcium237,37.7509702457956,41,60.6908635794744,39
Injektilo,50.3706293706294,30,60.7061704211557,33
kaseyp,35.831223628692,7,60.7603686635945,6
AndyBarkers,30.5287356321839,10,60.7811634349031,10
Lugr,34.7834482758621,19,60.7856115107914,19
twhite90,35.265306122449,6,60.7877094972067,14
jmvanaclocha,38.8667546174143,39,60.804084720121,40
KMisener,42.0091074681239,15,60.8687150837989,10
ImproveToIM,23.9365671641791,15,60.8761061946903,9
jamougha,35.8307142857143,35,60.8953488372093,27
eigentor,41.811738648948,20,60.9123767798467,21
Estebanseguin,51.5414634146342,5,60.919512195122,11
postit,29.6943820224719,33,60.953237410072,16
Emkatt,42.1482701812191,16,60.9645390070922,10
sebiz,37.7479338842975,7,61.0623052959502,7
Estructuralista,36.4471057884232,12,61.0662460567823,9
H0tblackDesiat0,36.2266462480858,38,61.0751928020566,35
sgis,32.8604430379747,76,61.0848525024859,79
JonathanCoffin,33.0199275362319,16,61.1005917159763,9
Happy0,33.5398009950249,11,61.1008583690987,14
secretarisvogel,39.4182692307692,7,61.1052631578948,6
deanmadden,38.2156308851224,26,61.1116803278689,28
E4_is_Better,29.1709401709402,8,61.1297709923664,7
OMW2FYQ,33.8986013986014,7,61.1438848920863,14
david-innes,45.3881302521009,50,61.1598253275109,55
no_seigen,48.9485861182519,12,61.1801801801802,6
Lanoc,33.9459459459459,18,61.2071428571429,11
darubaru,36.4695247933884,53,61.2268847795164,38
udaysatya,39.7785977859779,11,61.259385665529,8
erichprivat,30.3786610878661,15,61.2897350993378,18
kschmigel,38.67258382643,13,61.3519494204426,23
juandeleon,34.3411078717201,9,61.3745454545455,9
Chessnut2020,36.3780068728522,14,61.4103896103896,18
synapz,35.8194444444444,16,61.4285714285714,8
WickidDoc,26.7465277777778,8,61.4379947229552,9
Simon-W,39.0462962962963,8,61.4404761904762,9
xkv,27.4823529411765,9,61.4714548802947,12
sivvaaa,31.0834862385321,31,61.476599808978,35
terrormt,28.7319749216301,20,61.5144694533762,10
nadgob,41.0361445783133,6,61.5314285714286,18
TheRuralJuror,35.4067164179105,11,61.5416666666667,9
tmac12390,36.4708737864078,12,61.5641476274165,19
Notsamire,49.0109409190372,13,61.5655813953488,36
ashishacharya,41.7540106951872,5,61.6045197740113,9
arjanschoonen,42.5015105740181,10,61.6162361623616,7
lc91,40.1970760233918,45,61.6348143639684,42
mingpro,42.5800464037123,9,61.686320754717,12
dkillian,43.6215189873418,21,61.6887519260401,36
JMHWSM,38.2908902691511,23,61.7033976124885,31
joecupojoe,36.6340326340326,13,61.7314597970336,32
MattyB,36.4227467811159,14,61.737322515213,25
APDent42,37.256862745098,13,61.7392857142857,8
dsjoerg,32.8752783964365,11,61.7410852713178,13
Boviced,39.2806301050175,49,61.7655795931547,87
aloo_bhaloo,45.7121212121212,5,61.7670682730924,6
tuncaboylu,34.8389830508475,12,61.7786885245902,10
grabhispieces,26.6133942161339,18,61.7980769230769,12
apetresc,38.9557195571956,7,61.8014184397163,9
Whizzz,42.2690092165899,45,61.8195187165776,74
Petruchio,50.001066098081,23,61.8277777777778,47
VicPez,28.3067226890756,63,61.8308196721312,42
arensma,35.1278195488722,17,61.8316582914573,21
keeto,56.4672131147541,8,61.846511627907,7
Lukasz1928,29.5322580645161,7,61.8968609865471,5
xempcc,36.7332746478873,29,61.9028436018957,24
toni4127,33.7514124293785,48,61.9071518193225,46
liamvo,21.3131313131313,6,61.924882629108,7
Mackjalek97,40.7704326923077,21,61.9360795454546,17
Sincraxis,49.8786982248521,16,61.9447154471545,15
Nermin_Dedovic,33.9880749574106,18,62.0075075075075,18
Sleivert,38.693661971831,6,62.025641025641,6
ascoliloko,36.9905902480753,32,62.0299850074963,41
moleSG,39.0084889643464,15,62.0459770114943,13
Le-Penseur,38.1442786069652,7,62.0693641618497,13
Adri89,48.6901098901099,9,62.070351758794,11
t_taylor,36.8773491592483,26,62.0714285714286,24
lepertoe,55.7246262785209,31,62.0750117205814,43
jsettle1,51.2587287376902,26,62.0860927152318,70
checkers24,66.1789883268483,5,62.0932835820896,9
DoctoDoom,52.3422818791946,6,62.110151187905,12
lvdr,41.9972752043597,10,62.1198156682028,5
The_Wayward_Prince,35.6843198338525,24,62.15,16
flgoyens,34.2161383285303,10,62.1598119858989,24
revoof,25.0745901639344,33,62.2039691289967,25
EltahirAmin,27.7232704402516,5,62.2227074235808,7
Zubenelgenubi,30.6330858960764,22,62.2707317073171,11
rkjulian,38.9085173501577,8,62.2739726027397,7
NinjaPervert99,38.0672268907563,7,62.2771535580524,10
timmah4651,25.3913043478261,5,62.3221153846154,7
oler123,47.32,6,62.3225806451613,6
hhh1001,36.6317757009346,12,62.3261571582347,21
gm1224,37.8226495726496,12,62.4184952978057,16
LionelHuttzz,36.8615751789976,12,62.4323529411765,10
rapiplay,36.3217592592593,22,62.5319396051103,26
tychothecat,39.0510948905109,10,62.5476772616137,10
EmptySet2,30.5796703296703,13,62.5485996705107,20
WarGoblin,33.3860414394766,26,62.5680379746835,17
BreezyCamel,37.767258382643,16,62.5772357723577,8
FiveKnights,39.9673590504451,26,62.6073825503356,17
aion,38.9009900990099,6,62.608552631579,8
jitre,36.268115942029,31,62.6184971098266,26
sidetracked_owl,40.2006018054163,23,62.6369230769231,24
Zimny_Toster,28.3131487889273,17,62.6849315068493,9
alen111,22.957783641161,10,62.6954545454546,5
scV-Chess,32.813880126183,27,62.7150395778364,20
Pe-lle,35.6281818181818,25,62.7215189873418,9
Mixalaki2705,39.6110458284371,23,62.7350993377484,26
I8I9,36.3381818181818,12,62.751127141569,28
Stubenfisch,34.5524861878453,5,62.7608695652174,11
marcelluspye,33.0484615384615,36,62.7816326530612,13
leo2dipikke,32.8586883029074,43,62.852688172043,25
K0stasP,35.6428571428572,25,62.8927294398093,24
Schlabang,27.0206489675516,6,62.8929440389295,10
colwem,37.1305203938115,99,62.9147368421053,73
Qveen_Sacrifice,57.8407643312102,5,62.9207920792079,6
Rosinsvinet,40.3379923761118,24,62.9295081967213,29
MrPantz,28.1095890410959,9,62.9337979094077,9
Tonuka,38.0449438202247,25,62.9342806394316,16
Thepawnslayer,32.9513513513514,11,62.9419191919192,11
Tranzoo,35.9613956941351,69,62.9569583931133,50
PartyMagier,24.6931407942238,6,63.0166666666667,14
MasterSalomon,34.9454545454545,14,63.0182328190743,19
oxyst,34.1952380952381,6,63.0186915887851,6
flandoo,22.0376984126984,15,63.0382775119617,7
Scribblenaut,39.0875,8,63.0522088353414,16
Rolfomania,41.9328859060403,5,63.0862068965517,6
Tsscfttsos,38.4521452145215,14,63.1042553191489,19
smothermemate,27.0805008944544,13,63.1062801932367,13
Janetheus,62.9806338028169,32,63.1084990958409,32
momor,29.6943396226415,24,63.1144098479363,38
Aurichalcite,46.0390625,6,63.1374045801527,9
Bosun1234,45.29,5,63.1623376623377,6
LucaGaglia73,41.26646884273,44,63.2111675126904,23
gloup,35.12,7,63.2425742574258,8
shetoo,31.025841816758,34,63.2516129032258,38
JuyopVGC,46.8929961089494,16,63.27,25
HighonPotnuse,37.7316017316017,33,63.2875436554133,28
MakeHellTal,35.0563909774436,6,63.3150684931507,6
snorcal,34.1041009463722,28,63.3200514138818,19
Jebotto,40.1534988713318,11,63.3217054263566,13
YungPirc,38.2249240121581,8,63.3316455696203,12
Dingoe12,47.5798319327731,6,63.3431734317343,9
Tolsonb,36.8428093645485,25,63.3456953642384,19
paintman,35.0492813141684,13,63.3662420382166,9
Hapa-Haole,45.03125,11,63.370253164557,7
Kramopolis,31.2014787430684,15,63.4019138755981,11
Clarinetref,40,7,63.4088145896657,16
darkbishop21,62.0847457627119,5,63.4138888888889,8
Tsatsa64,32.9286713286713,57,63.4800995024876,42
katewalker,39.9570552147239,9,63.4864864864865,6
BenKenobi04,33.8868894601542,12,63.4866666666667,11
SoChessGoes,31.1183431952663,14,63.5400788436268,20
fvafier,47.9970238095238,7,63.5428973277075,16
mynameismund,36.1671520093186,39,63.58207217695,26
lelz21,63.4971751412429,5,63.6043956043956,5
RottenPawn,30.6484848484849,19,63.6052631578948,16
Noshir,35.8655462184874,7,63.6132404181185,6
ipr,42.8931297709924,30,63.6188118811881,27
loungelizard,41.7791044776119,15,63.662100456621,12
Tim17,50.9893048128342,12,63.6904347826087,14
QuietStorm24,29.493690851735,17,63.7010869565217,11
rsmillie94,35.1171548117155,8,63.7093425605536,9
MrScribbles,37.0067372473532,38,63.7447154471545,35
Felipekaox,47.952380952381,20,63.7488721804511,14
Choriarranz,42.9856459330144,18,63.7551622418879,10
Stewart500,37.7556561085973,6,63.8035714285714,20
ButterPecan,40.0711159737418,26,63.8446712018141,25
xVaria,40.8670212765957,16,63.8503401360544,30
Thooorin,36.7142857142857,8,63.889400921659,6
StriderJ,34.0498281786942,15,63.9188255613126,18
Ringelnatz,35.2365063788028,22,63.9272727272727,8
RickLRMS,27.5381165919283,7,63.9473684210526,9
RebelMe,42.3641552511416,24,63.9549450549451,26
aryabrah,35.65,9,63.973474801061,10
mekumcu,45.1951819075713,51,64.0752438457966,56
Lyrurus,34.348623853211,11,64.150641025641,10
dmavro,35.654640764724,96,64.1537496864811,113
FaKeOo,38.7454545454545,12,64.2219215155616,20
Fritzmann,35.9939637826962,42,64.2339971550498,39
vejen,37.4616666666667,15,64.3008130081301,10
Chase793,40.2112211221122,6,64.3050193050193,6
synonymousse,48.3370165745856,11,64.307251908397,10
timonnn,51.66,12,64.3529411764706,6
zsisk21,63.2044198895028,5,64.3805970149254,7
ErunaMe,30.8407310704961,10,64.389294403893,13
hamsterpoot,43.9205607476636,13,64.412017167382,13
LiminalSpaces,38.0217391304348,6,64.4277108433735,8
solidplayerr,37.4863387978142,17,64.4452554744526,12
TtIiGg,50.4478935698448,12,64.4977443609023,14
Forhavu,38.8966179861645,67,64.5272051368706,95
ENESM,46.7361111111111,12,64.5350678733032,21
Agood2inches,48.5480943738657,15,64.5534759358289,9
PracticalSound,45.3493670886076,11,64.5704057279236,10
dialh,34.3303964757709,7,64.578313253012,16
ekopp2000,41.0235934664247,16,64.605732828556,46
tsnara,30.5283018867925,5,64.7180952380953,13
Ceramic,38.8258928571429,7,64.7276368491322,20
tothecloid,43.0315236427321,14,64.7489239598278,19
dcamp,41.2939882697947,37,64.8649835345774,29
AUroach,35.8215488215488,26,64.8682432432432,26
Lawkeito,25.8194444444444,5,64.8975609756098,7
LeChuckForPresident,46.6221498371336,14,64.9136513157895,30
PDX84,36.7388059701493,8,64.9183673469388,6
Orestes-2,41.6434108527132,6,64.9291666666667,6
UncleVinny,36.7637051039698,36,64.9321705426357,31
cinqued,55.815365551425,22,64.9661246612466,35
Giampy62,52.1739130434783,19,64.9711260827719,29
LukaCro,43.6172718351325,26,64.9810901001112,29
BrilliantBlunder,42.0519031141869,14,64.9979035639413,24
escabeche,33.3588390501319,10,65,10
LemuelGullible,42.1124031007752,14,65.0160183066362,13
loukas435,36.922600619195,8,65.0269461077844,10
Chess_Patzer,42.9651741293532,13,65.0328947368421,22
FischersOfMen,38.6604316546763,20,65.0509803921569,11
bobobbob,44.2023121387283,5,65.0703125,6
juped,48.6153846153846,12,65.0829875518672,7
MoiRon,34.6384373361301,91,65.0862416107383,79
zakameo,38.7744807121662,8,65.0892018779343,14
thoughtless2,30.8756476683938,16,65.1009933774835,18
Proustino,25.5824665676077,18,65.2007434944238,11
Aaronmb2,54.5991379310345,5,65.2093862815885,7
finessemax,36.0909090909091,5,65.2283950617284,5
ZheniaSemyanko,38.3198924731183,21,65.2622699386503,19
Yorb,36.6861924686193,8,65.2675250357654,17
JoeyMellberg,38.923951048951,33,65.3726851851852,25
Jubka,41.0933014354067,9,65.4829931972789,7
mfink1,44.1138461538462,15,65.5154320987654,10
Unavitadistenti,45.7113702623907,7,65.5878136200717,6
mike_132,30.5490196078431,5,65.6118881118881,8
AquilesMM,35.5502645502646,10,65.6644951140065,12
pras108,34.0496323529412,15,65.7282415630551,15
DJ-Logan,30.031884057971,11,65.8197424892704,5
Pophip,27.4023668639053,5,65.8847926267281,6
geekymofo,31.5078534031414,6,65.8851063829787,7
Kraaft,38.86646884273,53,65.8870084619214,52
mithilesh007132,43.2705314009662,6,65.9093484419264,10
ticketyboohoo,50.125,17,65.9172749391728,13
feskslo,44.006160164271,16,65.9186176142698,24
therealseedling,42.5277777777778,9,65.9452449567723,8
no_mind,47.7844522968198,18,65.960396039604,12
Moha369,36.5668449197861,9,65.9897959183674,15
guanm,41.3884297520661,6,66.0246305418719,6
slaiyn,44.9568345323741,9,66.0294985250738,10
Bisit,35.2603550295858,18,66.0378548895899,17
caodanny,41.7361445783133,20,66.0733844468784,21
Minot,31.438679245283,6,66.0954907161804,11
Rivimies,44.3010752688172,10,66.1067106710671,29
pierremarc1986,39.4791086350975,8,66.1337579617835,5
Poseh,50.3850129198967,8,66.2136150234742,14
Cannonbait,41.1636167922497,23,66.2205169628433,36
Tellerwascher,38.1548821548822,22,66.2276657060519,11
Johnnyeccles01,33.5221374045802,17,66.2487046632124,12
marcolom,43.9359795134443,23,66.2612612612613,15
Showboater,35.0341494845361,38,66.267578125,47
noeom,47.3853276353276,36,66.2838605028386,28
Iqb,44.8120567375887,15,66.2847805788982,28
Jacob_E,52.2663755458515,6,66.2925373134328,8
Groger12,37.2867231638418,19,66.3212435233161,17
uga40,37.6197836166924,16,66.3309523809524,10
erv123,42.6299319727891,36,66.3359148112294,31
RoyceBraccket,40.1489361702128,5,66.342776203966,20
ubique29,33.063112078346,26,66.3711790393013,11
swandog,33.2031763417306,48,66.3790262172285,37
terriblebackin,34.1793103448276,6,66.3877551020408,7
pannek,32.5148514851485,5,66.4285714285714,7
luizerasmo,33.0134228187919,5,66.5,6
rsava,35.3717333333333,54,66.5352852852853,92
El_Pollo_Diablo,32.8869565217391,5,66.551867219917,6
amanlikekennyken,48.244966442953,9,66.6065573770492,14
Michael_Hackett,27.4351851851852,8,66.6335403726708,9
STCLion,44.8825910931174,7,66.6861397479954,20
Thor_Vidal,28.5274725274725,8,66.7380952380952,5
Sazik,45.4141414141414,10,66.7540983606557,11
JuanSnow,39.256880733945,20,66.7761044176707,27
mqll,47.1306793595846,58,66.7879081797608,83
liboy,41.9922077922078,10,66.8465346534654,6
throwawaycompiler,61.9744525547445,8,66.8498498498499,8
bornacavrag,38.4778761061947,6,66.8526785714286,15
freddy267t,37.5679223744292,44,66.8574610244989,29
RedzoneNova,34.9556650246305,5,66.8672566371681,8
Tactix47,37.407180385289,31,66.8959318826869,27
pkjamoo,46.205574912892,8,66.8991596638656,14
dkol,44.0662931839402,29,66.9067743940336,44
ssyx,44.5617206982544,40,66.9178164367127,43
CecilPurdy,54.1734693877551,13,66.9185888738128,24
walfie,29.9362101313321,26,66.9286956521739,15
pulsar512b,33.0872675250358,34,66.9445843828715,24
Glad_He_Ate_Her,24.4945848375451,8,66.9804347826087,14
BarbarAusBielefeld,38.4280155642023,40,66.9898785425101,41
izcms02,44.487702037948,37,66.9937666963491,27
Bletchlypark,37.6337115072934,20,67.0616197183099,19
netherfiel,42.5585893060296,22,67.0631834750911,23
Lenovsky,32.7957559681698,9,67.1024390243903,5
blarson,38.6766666666667,37,67.1812564366632,25
Kolskegg,43.4293659621802,26,67.1894273127753,27
fgermuth,32.1953041622199,23,67.2208774583964,23
heroku,43.7327586206897,6,67.2210065645514,15
Patheticus,54.4714285714286,6,67.2358900144718,18
jbeast2882,36.6917431192661,13,67.2686980609418,11
LuvGangster,48.0902777777778,37,67.2909203211859,43
AACtrl,42.4713876967096,35,67.3032036613272,44
j3084,39.7414187643021,23,67.3572030328559,38
electricfalcon,44.9625246548324,14,67.3615635179153,27
rederik79,40.7629796839729,11,67.3814432989691,13
rdy2burn,53.0630630630631,5,67.4074074074074,7
cptkirchhoff,39.2979002624672,17,67.4390934844193,20
jockboi,47.1143410852713,14,67.4444444444444,12
Khasi1596,46.8320610687023,7,67.4458128078818,11
QEDemonstrandum,33.0825242718447,11,67.4786885245902,10
adrienb96,40.8822314049587,39,67.4786944696283,34
donald1440,31.0889830508475,7,67.5035714285714,7
halloway,34.1398601398601,23,67.5166083916084,32
handsomemoney,41.0906040268456,9,67.5179153094463,9
WightUnderscore,36.1188679245283,13,67.5387931034483,23
EdForceOne,61.5882352941177,7,67.5397350993378,11
Dkeey,53.1368613138686,14,67.6602316602317,14
SouzaMoraes,32.1743119266055,27,67.6778042959427,25
exirk,36.1245059288538,14,67.7005988023952,11
Geoffjo,41.6122448979592,5,67.7260726072607,7
PGT1,33.4176136363636,10,67.7318548387097,13
jpk1489,48.65770609319,13,67.736225087925,23
furrykef,37.6888,36,67.7572777340677,72
marshmallow55,40.8672985781991,7,67.7689530685921,8
KaiM_03,44.6869565217391,9,67.7906336088154,10
Rybkathink,39.923595505618,14,67.8137254901961,15
ponytailmathguy,30.0620437956204,8,67.8406374501992,9
ivandrago23,41.8283582089552,8,67.8733333333333,12
callzumen,40.2588134135856,33,67.881708652793,26
JugglingSoybean,59.1421052631579,6,67.9043659043659,12
Shadow008,48.2133333333333,5,67.9144385026738,8
romich,46.0892018779343,5,67.9170506912443,5
MilsBees,37.875,14,67.9513274336283,18
RodrigoDiazdeVivar,39.7125912408759,27,67.9788395904437,39
restausverkauf,44.4722222222222,6,68.0230179028133,9
Hindemith,38.362473347548,13,68.1100917431193,8
sanganakam,45.6582914572864,27,68.1146341463415,41
leinax,47.1265625,15,68.1220556745182,12
rooooks,45.863976083707,18,68.131845841785,17
AnjumSKhan,32.3436426116839,6,68.159509202454,6
Kry1001,39.1561643835616,23,68.1969072164949,24
Board_13,38.4803921568627,20,68.2105778648384,27
Acer30,44.9818511796733,15,68.2169117647059,28
Gingersquirrelnuts,50.2717770034843,23,68.2440476190476,26
ematthie,39.2183098591549,9,68.2545454545455,8
Jokes1724,33.7344110854504,11,68.3384615384616,9
hive,38.559585492228,5,68.3636363636364,12
jmcginty15,40.9983818770227,15,68.4076086956522,14
Monolith4861,29.7446043165468,23,68.4152542372882,15
SarahWynn,44.9138187221397,18,68.4614661654135,26
pollofritto,47.9579831932773,7,68.5375854214123,13
cid772,42.6492537313433,7,68.5522388059702,7
rahulukumar,27.909887359199,22,68.6096096096096,11
teg,30.9683544303798,15,68.6942307692308,26
Trichord,38.699481865285,5,68.7837837837838,6
Lapa87,38.8707865168539,5,68.8045977011494,9
ruip,46.375796178344,5,68.8134863701578,17
oddskill,37.3093453273363,55,68.8223684210526,68
joejoepie,46.3848531684699,18,68.8430884184309,21
spor3,50.0979591836735,5,68.8524590163934,6
Dennovin,40.1011673151751,6,69.0983606557377,12
dystopia753,25.5121412803532,12,69.1409168081494,22
kani501,41.6450839328537,13,69.1668219944082,34
rahimftd,73.4664310954064,6,69.1687242798354,18
jrcrawford512,29.547215496368,12,69.183752417795,13
Drotciv,36.5826580226904,66,69.2012519561815,85
jsmithvestal,34.6590214067278,18,69.2245827010622,17
Cookos,38.0637450199203,7,69.2304832713755,8
gatorricky,43.3613707165109,7,69.2452107279694,8
TSMHansen1,38.6547314578005,11,69.2842377260982,11
Poldi_der_Drache,43.5755813953488,9,69.2883211678832,8
Arkensiel,51.3595505617978,6,69.2938388625592,6
ScacchistaImbruttito,42.8054054054054,12,69.2989417989418,16
flyhalf2k14,37.3134796238245,10,69.3711340206186,6
kampsun,48.5907780979827,20,69.4372093023256,46
Alex-arsenault,39.9743083003953,14,69.45,20
cerulean,33.0013245033113,24,69.4681753889675,20
leebster,47.7454909819639,11,69.4683760683761,17
Herzog51,37.1060358890702,15,69.5171102661597,37
twiningm,28.0578034682081,6,69.5663716814159,7
ducksss,42.0277777777778,5,69.7106918238994,6
Nairwolf,46.3167259786477,22,69.7222832052689,31
jmcampbell,39.037323037323,17,69.7364864864865,17
Namulin,45.6941176470588,10,69.7683615819209,6
Ross067,38.5463137996219,16,69.7869918699187,19
asn8745,41.4816176470588,13,69.8476277372263,34
Hairy-Conniption,40.0895061728395,8,69.9007220216607,14
tenken,58.1439252336449,16,70.0313418217434,29
gregorgg,43.048,15,70.0568181818182,17
RendingDing,44.9542857142857,8,70.0658536585366,11
BluebearChess,33.9370629370629,7,70.105527638191,6
BoldPodiene,38.3333333333333,6,70.1582491582492,8
TJSteel,39.4356846473029,8,70.1930501930502,7
compost83,52.4313725490196,6,70.2663316582915,6
Timikofski,38.2660550458716,5,70.28125,8
asingh11,44.6758409785933,9,70.3468208092486,9
ferodeto,59.8523985239852,6,70.4009216589862,5
SuperPeperone,61.6217616580311,5,70.5609756097561,6
Prune2000,33.218820861678,26,70.6965648854962,17
slavy,56.3399014778325,5,70.7236842105263,9
pinallwizard,37.1488645920942,35,70.8036480686695,25
WiedergeboreneDrache,39.4450867052023,5,70.8360655737705,5
Risingstar77,33.0740740740741,6,70.8674698795181,9
Rskyoz,38.815149409312,40,70.8925702811245,25
oleksiial,28.6928327645051,9,70.9271708683473,11
jakeboxer,48.7220902612827,11,70.9333333333333,12
jaak3l,48.0830670926518,9,71.0083333333333,12
GaliciaD,41.6496062992126,5,71.0240384615385,7
Ixitixl,38.0471794871795,21,71.0401948842875,21
imikacic,43.7910447761194,6,71.0667976424362,15
hernank41,40.1773399014778,6,71.1033755274262,17
PsyMar2,43.3536269430052,21,71.3146341463415,29
spuntachessTs,33.9,6,71.3785790031813,26
riellyb,57.6309523809524,5,71.3832752613241,8
oddsox,38.6905660377359,19,71.4890510948905,7
kinozarco,45.0835734870317,8,71.517087667162,19
Carlos_Peralta,37.0758928571429,6,71.6566265060241,7
Zher0,39.5610401057735,69,71.6685878962536,83
Davbond,33.9626168224299,6,71.6827309236948,14
jkleebone,48.3979166666667,13,71.8138747884941,14
mr_peters,38.7360655737705,16,72.0340136054422,10
dama_x_rey,62.0344202898551,13,72.1633333333333,17
ReheatedLeftovers,34.5971563981043,21,72.2694444444445,11
DaytoKnightMoves,51.5537459283388,8,72.3105360443623,17
wattsmart,60.7307692307692,7,72.3333333333333,9
Wilshire,41.1421568627451,6,72.396,10
parkerzs,29.1153846153846,7,72.4059945504087,11
anton_river,32.7854406130268,7,72.4280575539568,6
rliu347,38.7644710578842,13,72.4721549636804,12
akselm,49.4331797235023,7,72.6884057971015,8
Ben_Dubuque,37.9077306733167,9,72.735401459854,16
howtoparadox,35.7221297836938,18,72.7384615384615,9
kamelstekspizza,42.1795543905636,21,72.7980072463768,31
amidoingitrite,29.7979452054795,16,72.8380414312618,11
Rylor3000,35.5030303030303,15,72.9224806201551,18
future-trunks,43.5270758122744,7,72.9359331476323,12
quli,47.5353159851301,6,72.9703947368421,10
Khidal,51.4567164179105,11,73.0416666666667,7
Grando,46.6261682242991,5,73.0818181818182,10
walruschess,40.6858513189448,9,73.0975,14
NoKlu,25.1894273127753,5,73.1833333333333,10
FracPhilo,51.6060606060606,6,73.5138888888889,7
mad_shaving,27.2331081081081,9,73.5184615384615,40
DrOMM,42.9930555555556,7,73.7002141327623,14
DrewWhite,41.28125,5,73.7828571428571,5
Webb_Traverse,61.5136778115502,10,73.7836734693878,14
pawnsac101,36.2763157894737,14,73.8556390977444,49
GERDie,40.6593820648078,37,73.8664169787765,45
Roger_2020,45.158940397351,6,73.94708994709,7
benlonnqvist,41.2837209302326,6,74.0485175202156,11
mfeeney88,40.6711711711712,8,74.1002506265664,8
IanCawood,30.4536585365854,6,74.1308411214953,7
HighSilence,37.3710021321962,14,74.3124018838305,18
Ferchosalgado,40.9397590361446,5,74.3744394618834,12
saintex,50.1515151515152,8,74.6243781094527,14
Outbox,61.7804878048781,6,74.6329113924051,5
richtri_rj,39.8132183908046,9,74.6401028277635,10
Evsterm,37.5497076023392,20,74.6426592797784,9
Joonaf,31.741935483871,5,74.7477876106195,8
Dimesocket,34.1595238095238,12,74.7524429967427,9
Shuure,61.1227272727273,11,74.8078994614004,17
Reodor,50.8258362168397,26,74.8665607625099,43
wmakos,44.1089527027027,35,74.9400855920114,22
joehan,51.0516605166052,7,74.9620689655173,8
Zopherus,33.9483960948396,20,75.0488798370672,17
mojomoe,39.5619158878505,26,75.1207430340557,29
GiddaddyChess,59.980198019802,5,75.1358024691358,11
blunderkind7,44.640522875817,14,75.3286713286713,14
ibiwisi,37.8033898305085,9,75.3808411214953,10
Ryen89,47.5609756097561,7,75.44,8
dillontoups,39.2790055248619,10,75.5965909090909,13
Suicune,34.0148514851485,5,75.62109375,6
RZaga,35.1578947368421,6,75.6233766233766,5
neilwang,37.2326388888889,6,75.7,9
LGV2018,40.7947214076246,10,75.7137254901961,8
z0x,52.3776595744681,18,75.8417663293468,29
mmgoo,42.5319537431528,45,75.8558052434457,51
dauthdaert,32.5367412140575,10,76.03300330033,9
mysterious_expert,24.8741721854305,14,76.0790697674419,5
Ekors55,27.6929133858268,6,76.0883720930233,7
Ontheruy,48.0090909090909,10,76.2822757111598,16
rinrinrin,33.0337078651685,6,76.376404494382,10
lapetitemort,40.7236641221374,17,76.7126245847176,17
TastyOs,30.629392971246,10,76.8147138964578,14
TamarindSauce,35.6418338108883,7,76.9609375,6
joyboy,51.9304932735426,24,77.1538461538462,29
Valoree,46.1597444089457,8,77.185873605948,12
SiggiHD,36.7756097560976,6,77.4121212121212,6
dwh0405,76.7606382978724,6,77.6506849315069,8
ABDELKODOUS,26.2350119904077,10,77.7170868347339,11
DMSA_OR,36.1273885350319,31,77.8245363766049,18
Neeladri,34.6121212121212,5,77.8623853211009,5
Daansn3,54.4583333333333,5,78.0882352941177,9
giorus,33.75,11,78.185393258427,16
kilichimonger,33.9724409448819,7,78.2313725490196,6
aide23,59.954954954955,8,78.5120274914089,7
Tokros,45.6139088729017,12,78.5733695652174,10
wilmsss,48.7568389057751,16,78.6935933147632,11
marian_roman,32.2347328244275,13,78.8821548821549,9
RobUmbra,43.0479616306955,10,78.9606557377049,24
pat219,61.9206896551724,7,79.0178970917226,14
Fudly,35.3529411764706,6,79.0684410646388,6
jamzskee,50.2510548523207,11,79.3093385214008,13
Sleepy_Gary,42.183257918552,14,79.3163636363636,21
aivo2,55.8062827225131,5,79.5720720720721,6
GeneralSpecific,35.1574074074074,7,79.7124183006536,5
default_boi,39.2688524590164,7,79.8907103825137,10
Boomer34,54.5325301204819,24,80.1258561643836,72
danimal_t,69.5542168674699,5,80.4699029126214,15
stan_programmer,47.8326271186441,13,80.5532544378698,9
hamhamslam,38.1174377224199,8,80.6388888888889,6
Eshpy,62.8673835125448,8,80.6875,10
CJ_Zimmermann,35.1369047619048,5,80.7131474103586,7
ApprenChess,45.6107594936709,8,80.757174392936,12
polyomino,53.4484304932736,6,80.8,14
Ou57,29.1122448979592,5,80.9916666666667,7
QuanlentPyke,58.1150159744409,6,81.187145557656,17
priyankshukla26,37.7687687687688,8,81.6626984126984,7
caxmati,28.2485875706215,7,82.2818791946309,16
rickdeckard79,49.7131931166348,15,82.3047619047619,20
Cornelius25,38.8397534668721,17,83.0603070175439,28
texasadam,46.6246153846154,15,83.1053370786517,20
trillkat,49.1153846153846,6,83.1904761904762,10
Smutje41,39.8015873015873,8,83.2148148148148,19
zeroboy121,28.5258215962441,5,83.2463768115942,10
cammusbread,47.1585365853659,10,83.3921568627451,5
pinoc,38.2255639097744,8,83.551637279597,14
ljump12,35.8716216216216,7,84.6814814814815,5
chief88,40.469387755102,5,86.0232558139535,5
EmreA,42.9339207048458,7,87.7259259259259,6
elusiveky,55.2739726027397,6,87.9038901601831,13
tpk1024,42.3434782608696,5,88.7230392156863,11
lagar83,66.8502415458937,6,89.9538461538462,7
PaddyDaddy,30.6078431372549,15,91.0841121495327,5
iterjeki,66.4414893617021,5,97.539393939394,6
MrJMFun,51.5833333333333,5,103.321585903084,8
Teachmetimes2,72.7116564417178,5,,
ericasp,65.9337748344371,5,,
mixxedguy,64.8489583333333,5,,
Surajgaire0,59.7894736842105,6,,
esersens,59.2024539877301,5,,
NoviceCitations,56.8796296296296,6,,
Smart729,56.6451612903226,5,,
adrianomejs,54.9294871794872,6,,
hlex95,52.7950310559006,6,,
aura_k484,50.75,5,,
almyk,50.3247422680412,5,,
Alien_Knight,50.0337552742616,6,,
conalboyle,49.6371308016878,6,,
alenbasic,49.5739910313901,6,,
Tim_Nice_But_Dim,49.5474452554745,8,,
Hype71,48.4574898785425,6,,
Oyabun,48.321052631579,5,,
neo_yahtzee,48.0504587155963,6,,
Mehzinho,47.6729857819905,7,,
matt_chess_play,47.3474576271187,5,,
itsphong,47.2276422764228,6,,
charliehorse55,47.2180685358256,9,,
raffimeister,47.1747851002865,9,,
DHNL,47.0061162079511,8,,
Sachington,46.2727272727273,5,,
NnomiXD,45.6601307189543,8,,
pavonine,45.5934579439252,5,,
mimano,45.5625,5,,
Dyberly,45.4598214285714,6,,
wdhorton,45.3197674418605,6,,
ylefure,44.8496732026144,5,,
goatsgreetings,44.6637168141593,5,,
rodekio,44.1541850220264,5,,
Bobjonsty,44.0758017492711,9,,
gnam,43.6748251748252,8,,
The_Horror,43.6007194244604,7,,
Mini23,43.0857142857143,7,,
deathmetalled,42.8893442622951,7,,
Antarcticaa,42.6680327868853,6,,
mujtubayousufi,42.5257731958763,7,,
grantoldham,42.1661237785016,8,,
manishjha4,41.6931818181818,6,,
Alkibiades1,41.5993150684932,7,,
burntleaves,41.5805369127517,8,,
PawnsWillPrevail,41.4349775784753,6,,
TheEcho,41.4010695187166,5,,
Dodeka,41.3490909090909,6,,
simopippa,41.2909930715935,12,,
felang,41.0502958579882,7,,
DrearyHelix,40.8755186721992,5,,
remypond,40.641975308642,5,,
N_Mar,40.6176470588235,8,,
mustardboy,40.5,5,,
Bafetimbi_Gomis,40.4937238493724,8,,
seiduck,40.4924623115578,10,,
gattican,40.3532934131737,5,,
comfortable_prash,40.3145161290323,5,,
lincolnp,40.1578947368421,5,,
nategreene,40.0813008130081,6,,
jcole98,39.9064516129032,10,,
nubnub57,39.9017341040462,5,,
Raymond035,39.5321100917431,6,,
Regenwolf,39.4624624624625,6,,
Nombringer,39.4,7,,
MichaelPren95,39.3656387665198,6,,
mxklawz,39.3607843137255,5,,
phild159,39.3122171945701,6,,
Potnes,39.1902985074627,6,,
nickoboy1992,39.0260869565217,6,,
inarch,38.9555555555556,7,,
ORIONfull,38.8926829268293,6,,
Crunchyalex,38.8617021276596,5,,
imcgrat2,38.7535211267606,5,,
perdhapley,38.7515151515152,6,,
CauchyLipschitz,38.7380952380952,5,,
louiegunz,38.7185929648241,9,,
CarpathianBulldog,38.4295081967213,7,,
nimzonglsh,38.3049180327869,8,,
blindfoldcheese,38.2053231939164,6,,
SleepyMario,37.8950276243094,5,,
kxc3568,37.867816091954,5,,
mdpotts22,37.7156626506024,11,,
Gena84,37.5727699530516,5,,
Brejnrod,37.4645161290323,5,,
HouseOfCargs,37.4511627906977,7,,
moinmann,37.4301075268817,6,,
shiki_sora,37.2199170124481,7,,
kcacgt,37.2041884816754,15,,
malbin,37.1192052980132,10,,
Lrdwhyt,37.024154589372,5,,
naughtyB,36.9942196531792,5,,
palet_master,36.9486552567237,11,,
StephenaroM,36.5846645367412,8,,
Ghassen_Cooper,36.5842105263158,5,,
weits,36.5812807881773,7,,
Alimoche127,36.5580110497238,6,,
figeon,36.5418994413408,12,,
sarciness,36.5376344086022,6,,
oxygen_di_oxide,36.3740740740741,8,,
DealsWarlock,36.3379953379953,10,,
DerDoin,36.3257918552036,6,,
cftsoc3,36.3028571428571,5,,
uczen-369,36.224358974359,5,,
Proxava,36.1744186046512,5,,
garadas,36.1445221445221,11,,
El_bocadillo,36.0848056537103,5,,
Dcxalius,35.9140625,5,,
MattDadly,35.8677248677249,7,,
mikewhitekl,35.7544483985765,7,,
lukas_o,35.7315789473684,5,,
Chloe1,35.6130653266332,5,,
William_Ackroyd,35.6069651741294,5,,
El-Fripouille,35.4486301369863,7,,
Sup12,35.4215938303342,11,,
napolean15,35.0591715976331,5,,
thirtyyearoldboomer,34.9533898305085,6,,
Carbon752,34.9343065693431,7,,
Respite,34.8185654008439,6,,
PP_92,34.8020304568528,6,,
AadityaSharma,34.6957928802589,9,,
eyci,34.6073298429319,5,,
lazerpo,34.566265060241,7,,
deepaks1,34.5286885245902,6,,
atorralba,34.4454545454546,6,,
Glaisepapale,34.4337748344371,10,,
nodortsam,34.3514644351465,6,,
epikfaal,34.3390410958904,7,,
mdf2,34.2793650793651,6,,
APJNTU,34.1963636363636,8,,
rleland,34.1131386861314,7,,
Edwarde,34.0994764397906,5,,
luchen57,34.0742857142857,5,,
applebub,34.0473372781065,6,,
xobeci,34.0061728395062,12,,
Narikyo,33.8740740740741,5,,
Superman89,33.6855895196507,6,,
fwg2,33.6728624535316,6,,
OutdoorTree,33.6593220338983,21,,
mbielec,33.6280193236715,7,,
Jin_CH,33.6113360323887,5,,
FaulerZauberer,33.5449438202247,5,,
MrBungler,33.4728682170543,7,,
ItsMeMaho,33.3882783882784,7,,
ChessinBlackandWhite,33.359872611465,7,,
KnightyKnight1996,33.2304609218437,11,,
arsenalfanrichi,33.198606271777,6,,
NothingIRL,33.0627306273063,6,,
sbsbsb,33.0625,7,,
shivalingam,32.9688473520249,8,,
DanHMarcos,32.8918918918919,5,,
NivenN,32.7801047120419,6,,
KaasHonijn,32.7678571428572,5,,
readysteadygo,32.6515151515152,5,,
Moccy,32.5012224938875,10,,
chessmongerer,32.3728813559322,11,,
skmanil,32.3481481481482,7,,
Braffin,32.2414965986395,8,,
Vlad_G92,32.2164948453608,5,,
mapichar,32.1660377358491,5,,
Abdelaziz_sayed,32.121387283237,5,,
theknugdorf,31.9497400346621,15,,
nyave,31.7005988023952,6,,
Narz,31.6713615023474,6,,
accool52,31.6237373737374,10,,
N8-the-GR8,31.5544554455446,10,,
Impaired,31.4747899159664,5,,
randomchampgamer,31.4497041420118,5,,
controversy,31.1197183098592,8,,
Dzoniak,31.0357142857143,5,,
LittleAnnieAdderall,31.0182481751825,7,,
pacmandoor,30.9261213720317,10,,
CTM095,30.8611111111111,5,,
Ends_Mad,30.8413173652695,9,,
Unicornz,30.7786259541985,10,,
PublixFriedChicken,30.7538126361656,12,,
mattcrossette,30.7391304347826,5,,
Lenorion,30.7331189710611,9,,
CalculatedChess,30.713567839196,6,,
rock840,30.6776556776557,5,,
LUKARAHTRATGNATBC,30.6511627906977,5,,
overlxrd,30.6470588235294,6,,
forevern00b,30.6039603960396,12,,
hakri,30.4033898305085,16,,
skmjonas,30.353982300885,8,,
dimitris22,29.9712643678161,5,,
Pasternak,29.9150579150579,13,,
YouRookNice,29.8366013071895,5,,
sb_362,29.7063492063492,6,,
TheDrunkenLawyer,29.7018425460637,12,,
skillet,29.644495412844,16,,
pawndefloor,29.5790884718499,9,,
Flaneur,29.5471124620061,18,,
momama,29.5176991150443,5,,
Giulio43532,29.504,5,,
ze_oNe,29.3822222222222,7,,
pollygetiks,29.2519083969466,5,,
cRoMario13,29.1298076923077,6,,
nondrama,28.9942857142857,11,,
Maqqa,28.9715447154472,5,,
thetasquared,28.9037037037037,10,,
antazhi8,28.8214285714286,16,,
KnubZ_the_Red,28.7513966480447,10,,
ARandomMove,28.6688311688312,7,,
decelo,28.4977973568282,7,,
beefybeefy,28.3968253968254,5,,
jerni,28.3910256410256,5,,
mightydogg,28.3361344537815,6,,
Leverkuhn,28.3327974276527,16,,
WilkBardzoZly,28.253807106599,6,,
tejasc,28.234693877551,6,,
yerboiMatias,28.2300884955752,13,,
GardenPlant,28.2237762237762,5,,
piotor,28.1775956284153,9,,
GoropadniPoni,28.1166666666667,9,,
ecstaticbroccoli,28.0571428571429,9,,
Sazed,27.7704081632653,6,,
Errion,27.7357142857143,5,,
N4zgul,27.7133105802048,7,,
Lake,27.6896551724138,5,,
lleee,27.5531400966184,10,,
wannabe2700,27.542600896861,5,,
ebrankoftis,27.4548104956268,10,,
playlionchess,27.4233128834356,14,,
TheHaleguathor,27.3981042654028,6,,
mohityadav143,27.3446153846154,7,,
Thulp,27.2857142857143,5,,
samjjames,26.92,6,,
NotEvenClose,26.7994505494506,9,,
Fabinou,26.619957537155,10,,
ani85,26.6113360323887,5,,
thchozen0ne,26.5880758807588,10,,
msck1,26.5268292682927,6,,
Nubas,26.4246231155779,10,,
SMC,26.1864801864802,7,,
oloff,26.1818181818182,6,,
titan_twelve,26.0701754385965,6,,
wilfj,26.051724137931,12,,
SirDore,26.0442477876106,10,,
MoveEleven,25.9907834101383,5,,
Tomato_Xplosion,25.8921161825726,6,,
Sreejith993,25.8834951456311,6,,
NoMate4u,25.8671328671329,5,,
BuckDuck,25.8338658146965,9,,
Wahlkatalane,25.7268623024831,11,,
Blekinge,25.7267267267267,10,,
gotthatplymouthrock,25.6212121212121,6,,
mdaw,25.5207373271889,12,,
domg,25.4915254237288,5,,
dmitri31,25.4851485148515,6,,
diamanthori,25.4770992366412,6,,
hacker29,25.4746835443038,10,,
nikonoel,25.3962264150943,7,,
NonNocere,25.3010380622837,8,,
RoseCrestPrince,25.1643835616438,8,,
FrugoFruit90,25.1007604562738,14,,
Preserve,25.0875420875421,9,,
bluberrie_tea,25.0350318471338,8,,
LCPChess,24.9848484848485,6,,
Mouselip,24.9617834394905,6,,
Chaozu,24.9297693920335,24,,
floating_point,24.8441558441558,5,,
schustmi,24.8103448275862,9,,
stusk,24.7277486910995,5,,
Fairespirareletorri,24.7,8,,
Cline,24.689138576779,7,,
Karpyan,24.5833333333333,10,,
Dejokz,24.5569230769231,10,,
nuagesgris,24.5536480686695,5,,
jkobs,24.490861618799,8,,
PJJackson,24.4890510948905,8,,
Sammy_Jankis,24.4339622641509,5,,
Angstschreeuw,24.3480662983425,5,,
Chessgurud,24.2574712643678,12,,
Mole_Creature,24.1988636363636,5,,
Thundercougarfalcon,24.162932790224,11,,
ghans81,24.0854700854701,7,,
PaintingWithPawns,23.9615384615385,7,,
kanake,23.9506726457399,5,,
Fyrox96,23.9303482587065,5,,
Costobarus,23.8691588785047,6,,
AnikiaN,23.8432835820896,6,,
pepehands321,23.7862595419847,6,,
Hausierer,23.7107438016529,6,,
Advocatezz,23.6804979253112,5,,
Fuzz0410,23.4458204334365,10,,
Heidman,23.4344262295082,6,,
samkumar0987,23.4277108433735,7,,
defensive_resources,23.3932203389831,7,,
Bolsa,23.3012048192771,6,,
ne0c0rtex,23.2991452991453,8,,
infested,23.2162162162162,6,,
blaser,23.1963470319635,6,,
Nytik,23.1880341880342,9,,
buckeye64,23.1626984126984,6,,
Moritex,23.0923913043478,7,,
twobe,22.9102564102564,8,,
TurnOnTheLights,22.9086206896552,15,,
SchachAttacker,22.7860465116279,6,,
WillGosnold,22.7757009345794,6,,
Goodie1857,22.5857142857143,5,,
OldOx,22.5231431646932,25,,
Stazzle,22.5094339622642,5,,
H_Badorties,22.4891304347826,6,,
juldiaz280992,22.4860813704497,13,,
blindmoose,22.4295942720764,12,,
DotaAutoChess,22.4021739130435,5,,
davejishnu,22.3982102908277,12,,
arna,22.3440860215054,5,,
Futyporyt,22.0317919075144,9,,
DragonicKhaos,22,6,,
PatronusAnser,21.8110599078341,6,,
Matuiss2,21.6023054755043,16,,
Jaivl,21.5054644808743,32,,
deep_glue,21.5,7,,
BrikNJ,21.4906542056075,5,,
gehenna,21.2135416666667,5,,
Cenotaph5,21.206043956044,10,,
HappilyNumb,21.1799485861183,13,,
FearlessKing64,21.029490616622,9,,
EamonMont,20.968,9,,
AleksisKaarlo,20.9234693877551,6,,
willitat,20.8557213930348,5,,
AFAMMG,20.7491039426523,7,,
tchang1997,20.7103825136612,5,,
ihideonbush,20.704347826087,6,,
erx0r,20.6865671641791,5,,
Groundhopping,20.6624040920716,8,,
Josip_buje,20.6108490566038,22,,
retiy100,20.5496688741722,5,,
Tapcon,20.5016611295681,18,,
dimitrishatov,20.3582887700535,5,,
GoodBoyBishop,20.2614678899083,5,,
Wolfram_EP,20.2477064220184,5,,
stumpynoob,19.950495049505,6,,
linail,19.8456937799043,22,,
SKMuller,19.6073619631902,5,,
heimoelo,19.5690376569038,7,,
ramz_mihailov,19.5617433414044,10,,
Like-a-hurricane,19.5,9,,
thrillchester,19.3863636363636,17,,
ohorla,19.3723849372385,6,,
cantosh,19.2344213649852,9,,
Pitrinu,19.05,7,,
Ca7alyst81,18.8189655172414,10,,
chessnerdbird,18.720207253886,7,,
PawnPunter,18.5888888888889,5,,
gandalf013,18.5581395348837,13,,
coolalzi,18.5386313465784,11,,
egocrusher,18.4945054945055,7,,
poet1c,18.26171875,9,,
zeedo,18,5,,
LeEcU1,17.7074468085106,6,,
JRiu,17.6009389671362,6,,
Spreek,17.328813559322,10,,
darksquaregames,17.3103448275862,6,,
alp_arslan92,17.2849162011173,7,,
jlustig555,17.2562814070352,5,,
asdarqw,16.9244444444444,5,,
bentekkers11,16.7272727272727,5,,
MrSEP,15.9183673469388,6,,
resonantpillow,15.3685567010309,10,,
cheese111,15.3509781357883,25,,
TonyRo,14.579476861167,14,,
mrjv,13.2564102564103,8,,
PawnPrecaution,11.2331606217617,5,,
